{
  "$schema": "https://esphome.io/web/manifest-schema.json",
  "name": "Sense360 AirIQ",
  "version": "vX.Y.Z",
  "builds": [
    {
      "chipFamily": "ESP32-S3",
      "parts": [
        { "path": "sense360-airiq-basic-vX.Y.Z.bin", "offset": 0 }
      ],
      "capabilities": ["airiq","sen55","scd4x","ld2412","basic"]
    },
    {
      "chipFamily": "ESP32-S3",
      "parts": [
        { "path": "sense360-airiq-pro-vX.Y.Z.bin", "offset": 0 }
      ],
      "capabilities": ["airiq","sen55","scd4x","ld2412","pro","diagnostics"]
    }
  ]
}
